case,event,startTime,completeTime,REG_DATE,AMOUNT_REQ,org:resource
209464,A_SUBMITTED,2012/02/14 21:26:46.310,2012/02/14 21:26:46.310,2012/02/14 21:26:46.310,2000,R112
213894,A_SUBMITTED,2012/02/28 20:49:35.923,2012/02/28 20:49:35.923,2012/02/28 20:49:35.923,25000,R112
213894,A_PARTLYSUBMITTED,2012/02/28 20:49:36.173,2012/02/28 20:49:36.173,2012/02/28 20:49:35.923,25000,R112
213894,A_PREACCEPTED,2012/02/28 20:50:10.009,2012/02/28 20:50:10.009,2012/02/28 20:49:35.923,25000,R112
213894,A_PREACCEPTED,2012/02/28 20:50:10.009,2012/02/28 20:50:10.009,2012/02/28 20:49:35.923,25000,R112
213894,W_Completeren aanvraag,2012/02/29 10:33:30.220,2012/02/29 10:36:04.868,2012/02/28 20:49:35.923,25000,R10912
213894,W_Completeren aanvraag,2012/03/01 14:33:19.002,2012/03/01 14:34:38.345,2012/02/28 20:49:35.923,25000,R11299
213894,W_Completeren aanvraag,2012/03/02 09:43:34.128,2012/03/02 09:46:19.521,2012/02/28 20:49:35.923,25000,R11179
213894,W_Completeren aanvraag,2012/03/02 18:23:55.970,2012/03/02 18:25:13.552,2012/02/28 20:49:35.923,25000,R11302
213894,W_Completeren aanvraag,2012/03/06 10:53:31.523,2012/03/06 10:58:02.348,2012/02/28 20:49:35.923,25000,R11299
213894,W_Completeren aanvraag,2012/03/06 15:53:23.316,2012/03/06 15:58:00.058,2012/02/28 20:49:35.923,25000,R11299
213255,A_SUBMITTED,2012/02/27 12:54:26.599,2012/02/27 12:54:26.599,2012/02/27 12:54:26.599,5000,R112
213255,A_PARTLYSUBMITTED,2012/02/27 12:54:27.047,2012/02/27 12:54:27.047,2012/02/27 12:54:26.599,5000,R112
209948,A_SUBMITTED,2012/02/15 22:17:37.385,2012/02/15 22:17:37.385,2012/02/15 22:17:37.385,4500,R112
209948,A_PARTLYSUBMITTED,2012/02/15 22:17:37.566,2012/02/15 22:17:37.566,2012/02/15 22:17:37.385,4500,R112
209948,A_PARTLYSUBMITTED,2012/02/15 22:17:37.566,2012/02/15 22:17:37.566,2012/02/15 22:17:37.385,4500,R112
209948,W_Afhandelen leads,2012/02/16 09:31:44.544,2012/02/16 09:35:09.431,2012/02/15 22:17:37.385,4500,R11009
209948,W_Afhandelen leads,2012/02/16 10:42:09.458,2012/02/16 10:47:03.881,2012/02/15 22:17:37.385,4500,R11009
202551,A_SUBMITTED,2012/01/20 12:54:25.578,2012/01/20 12:54:25.578,2012/01/20 12:54:25.577,10000,R112
202551,A_PARTLYSUBMITTED,2012/01/20 12:54:25.961,2012/01/20 12:54:25.961,2012/01/20 12:54:25.577,10000,R112
202551,A_PREACCEPTED,2012/01/20 12:54:59.382,2012/01/20 12:54:59.382,2012/01/20 12:54:25.577,10000,R112
202551,A_PREACCEPTED,2012/01/20 12:54:59.382,2012/01/20 12:54:59.382,2012/01/20 12:54:25.577,10000,R112
202551,W_Completeren aanvraag,2012/01/20 13:54:15.936,2012/01/20 13:59:37.828,2012/01/20 12:54:25.577,10000,R10912
202551,W_Completeren aanvraag,2012/01/20 14:04:17.851,2012/01/20 14:07:47.926,2012/01/20 12:54:25.577,10000,R10912
202551,W_Completeren aanvraag,2012/01/20 14:18:31.708,2012/01/20 14:21:21.508,2012/01/20 12:54:25.577,10000,R10912
212343,A_SUBMITTED,2012/02/23 22:28:41.500,2012/02/23 22:28:41.500,2012/02/23 22:28:41.499,5000,R112
212343,A_PARTLYSUBMITTED,2012/02/23 22:28:41.727,2012/02/23 22:28:41.727,2012/02/23 22:28:41.499,5000,R112
208841,A_SUBMITTED,2012/02/13 14:27:43.820,2012/02/13 14:27:43.820,2012/02/13 14:27:43.820,100,R112
208841,A_PARTLYSUBMITTED,2012/02/13 14:27:43.924,2012/02/13 14:27:43.924,2012/02/13 14:27:43.820,100,R112
204245,A_SUBMITTED,2012/01/26 15:11:30.811,2012/01/26 15:11:30.811,2012/01/26 15:11:30.811,5000,R112
206766,A_SUBMITTED,2012/02/06 12:40:28.605,2012/02/06 12:40:28.605,2012/02/06 12:40:28.604,8000,R112
204583,A_SUBMITTED,2012/01/28 11:58:56.000,2012/01/28 11:58:56.000,2012/01/28 11:58:56.000,3000,R112
204583,A_PARTLYSUBMITTED,2012/01/28 11:58:57.402,2012/01/28 11:58:57.402,2012/01/28 11:58:56.000,3000,R112
204583,A_PARTLYSUBMITTED,2012/01/28 11:58:57.402,2012/01/28 11:58:57.402,2012/01/28 11:58:56.000,3000,R112
204583,W_Afhandelen leads,2012/01/28 11:59:31.740,2012/01/28 12:13:57.087,2012/01/28 11:58:56.000,3000,R10913
204583,W_Afhandelen leads,2012/01/28 12:42:18.651,2012/01/28 12:42:32.317,2012/01/28 11:58:56.000,3000,R10982
204583,W_Afhandelen leads,2012/01/28 14:30:35.116,2012/01/28 14:30:40.738,2012/01/28 11:58:56.000,3000,R10228
204583,W_Afhandelen leads,2012/01/28 15:08:33.800,2012/01/28 15:10:18.947,2012/01/28 11:58:56.000,3000,R10913
204583,W_Afhandelen leads,2012/01/28 15:10:29.538,2012/01/28 15:10:49.900,2012/01/28 11:58:56.000,3000,R10913
204583,W_Afhandelen leads,2012/01/28 15:15:40.702,2012/01/28 15:15:49.605,2012/01/28 11:58:56.000,3000,R10982
204583,W_Afhandelen leads,2012/01/28 15:55:37.196,2012/01/28 16:15:50.775,2012/01/28 11:58:56.000,3000,R10913
204583,A_PREACCEPTED,2012/01/28 16:15:49.530,2012/01/28 16:15:49.530,2012/01/28 11:58:56.000,3000,R10913
204583,A_PREACCEPTED,2012/01/28 16:15:49.530,2012/01/28 16:15:49.530,2012/01/28 11:58:56.000,3000,R10913
204583,W_Completeren aanvraag,2012/01/28 16:16:15.700,2012/01/28 16:22:57.189,2012/01/28 11:58:56.000,3000,R10913
204583,A_ACCEPTED,2012/01/28 16:18:48.108,2012/01/28 16:18:48.108,2012/01/28 11:58:56.000,3000,R10913
204583,A_FINALIZED,2012/01/28 16:22:46.758,2012/01/28 16:22:46.758,2012/01/28 11:58:56.000,3000,R10913
204583,O_SELECTED,2012/01/28 16:22:46.758,2012/01/28 16:22:46.758,2012/01/28 11:58:56.000,3000,R10913
204583,O_CREATED,2012/01/28 16:22:54.625,2012/01/28 16:22:54.625,2012/01/28 11:58:56.000,3000,R10913
204583,O_SENT,2012/01/28 16:22:54.653,2012/01/28 16:22:54.653,2012/01/28 11:58:56.000,3000,R10913
204583,O_SENT,2012/01/28 16:22:54.653,2012/01/28 16:22:54.653,2012/01/28 11:58:56.000,3000,R10913
204583,W_Nabellen offertes,2012/01/31 17:17:27.947,2012/01/31 17:19:03.355,2012/01/28 11:58:56.000,3000,R10913
204583,W_Nabellen offertes,2012/02/02 10:12:22.810,2012/02/02 10:12:55.019,2012/01/28 11:58:56.000,3000,R11259
204583,O_SENT_BACK,2012/02/02 10:12:52.259,2012/02/02 10:12:52.259,2012/01/28 11:58:56.000,3000,R11259
204583,O_SENT_BACK,2012/02/02 10:12:52.259,2012/02/02 10:12:52.259,2012/01/28 11:58:56.000,3000,R11259
204583,W_Valideren aanvraag,2012/02/08 12:17:46.999,2012/02/08 12:35:47.516,2012/01/28 11:58:56.000,3000,R10138
204583,A_ACTIVATED,2012/02/08 12:35:42.195,2012/02/08 12:35:42.195,2012/01/28 11:58:56.000,3000,R10138
211829,A_SUBMITTED,2012/02/22 16:08:29.703,2012/02/22 16:08:29.703,2012/02/22 16:08:29.703,5000,R112
211829,A_PARTLYSUBMITTED,2012/02/22 16:08:29.974,2012/02/22 16:08:29.974,2012/02/22 16:08:29.703,5000,R112
211829,A_PREACCEPTED,2012/02/22 16:09:11.987,2012/02/22 16:09:11.987,2012/02/22 16:08:29.703,5000,R112
211829,A_PREACCEPTED,2012/02/22 16:09:11.987,2012/02/22 16:09:11.987,2012/02/22 16:08:29.703,5000,R112
211829,W_Completeren aanvraag,2012/02/22 19:32:12.625,2012/02/22 19:36:21.930,2012/02/22 16:08:29.703,5000,R11003
211829,W_Completeren aanvraag,2012/02/23 11:23:30.620,2012/02/23 11:25:14.039,2012/02/22 16:08:29.703,5000,R11179
211829,W_Completeren aanvraag,2012/02/23 12:06:08.280,2012/02/23 12:08:47.608,2012/02/22 16:08:29.703,5000,R11121
211829,W_Completeren aanvraag,2012/02/23 14:37:53.067,2012/02/23 14:39:41.737,2012/02/22 16:08:29.703,5000,R11302
211829,W_Completeren aanvraag,2012/02/23 19:56:37.262,2012/02/23 19:57:30.830,2012/02/22 16:08:29.703,5000,R10881
211829,W_Completeren aanvraag,2012/02/24 19:32:49.769,2012/02/24 19:33:58.958,2012/02/22 16:08:29.703,5000,R11302
211829,W_Completeren aanvraag,2012/02/24 20:02:52.961,2012/02/24 20:08:18.895,2012/02/22 16:08:29.703,5000,R11201
199441,A_SUBMITTED,2012/01/09 21:43:18.338,2012/01/09 21:43:18.338,2012/01/09 21:43:18.337,45000,R112
199441,A_PARTLYSUBMITTED,2012/01/09 21:43:18.495,2012/01/09 21:43:18.495,2012/01/09 21:43:18.337,45000,R112
199441,A_PREACCEPTED,2012/01/09 21:44:03.173,2012/01/09 21:44:03.173,2012/01/09 21:43:18.337,45000,R112
199441,A_PREACCEPTED,2012/01/09 21:44:03.173,2012/01/09 21:44:03.173,2012/01/09 21:43:18.337,45000,R112
199441,W_Completeren aanvraag,2012/01/10 08:08:25.220,2012/01/10 08:11:01.408,2012/01/09 21:43:18.337,45000,R11049
199441,W_Completeren aanvraag,2012/01/10 08:11:03.819,2012/01/10 08:11:11.282,2012/01/09 21:43:18.337,45000,R11049
199441,W_Completeren aanvraag,2012/01/11 11:25:19.366,2012/01/11 11:25:32.884,2012/01/09 21:43:18.337,45000,R10932
199441,W_Completeren aanvraag,2012/01/11 13:47:32.775,2012/01/11 14:00:14.752,2012/01/09 21:43:18.337,45000,R10912
199441,A_ACCEPTED,2012/01/11 13:54:22.736,2012/01/11 13:54:22.736,2012/01/09 21:43:18.337,45000,R10912
199441,O_SELECTED,2012/01/11 14:00:10.890,2012/01/11 14:00:10.890,2012/01/09 21:43:18.337,45000,R10912
199441,A_FINALIZED,2012/01/11 14:00:10.890,2012/01/11 14:00:10.890,2012/01/09 21:43:18.337,45000,R10912
199441,O_CREATED,2012/01/11 14:00:12.208,2012/01/11 14:00:12.208,2012/01/09 21:43:18.337,45000,R10912
199441,O_SENT,2012/01/11 14:00:12.337,2012/01/11 14:00:12.337,2012/01/09 21:43:18.337,45000,R10912
199441,O_SENT,2012/01/11 14:00:12.337,2012/01/11 14:00:12.337,2012/01/09 21:43:18.337,45000,R10912
199441,W_Nabellen offertes,2012/01/11 14:00:31.687,2012/01/11 14:03:38.308,2012/01/09 21:43:18.337,45000,R10912
199441,O_SELECTED,2012/01/11 14:03:33.737,2012/01/11 14:03:33.737,2012/01/09 21:43:18.337,45000,R10912
199441,O_CANCELLED,2012/01/11 14:03:33.737,2012/01/11 14:03:33.737,2012/01/09 21:43:18.337,45000,R10912
199441,O_CREATED,2012/01/11 14:03:35.483,2012/01/11 14:03:35.483,2012/01/09 21:43:18.337,45000,R10912
199441,O_SENT,2012/01/11 14:03:35.543,2012/01/11 14:03:35.543,2012/01/09 21:43:18.337,45000,R10912
199441,O_SENT,2012/01/11 14:03:35.543,2012/01/11 14:03:35.543,2012/01/09 21:43:18.337,45000,R10912
199441,W_Nabellen offertes,2012/01/16 10:51:16.935,2012/01/16 10:52:01.186,2012/01/09 21:43:18.337,45000,R10899
199441,O_SENT_BACK,2012/01/16 10:51:58.591,2012/01/16 10:51:58.591,2012/01/09 21:43:18.337,45000,R10899
199441,O_SENT_BACK,2012/01/16 10:51:58.591,2012/01/16 10:51:58.591,2012/01/09 21:43:18.337,45000,R10899
199441,W_Valideren aanvraag,2012/01/18 08:40:56.445,2012/01/18 09:09:12.444,2012/01/09 21:43:18.337,45000,R10629
199441,W_Valideren aanvraag,2012/01/18 08:40:56.445,2012/01/18 09:09:12.444,2012/01/09 21:43:18.337,45000,R10629
199441,W_Nabellen incomplete dossiers,2012/01/18 10:47:00.758,2012/01/18 10:51:33.548,2012/01/09 21:43:18.337,45000,R10913
199441,W_Nabellen incomplete dossiers,2012/01/18 16:27:20.467,2012/01/18 16:27:40.075,2012/01/09 21:43:18.337,45000,R11259
199441,W_Nabellen incomplete dossiers,2012/01/19 09:04:17.656,2012/01/19 09:04:38.909,2012/01/09 21:43:18.337,45000,R11049
199441,W_Nabellen incomplete dossiers,2012/01/19 09:04:17.656,2012/01/19 09:04:38.909,2012/01/09 21:43:18.337,45000,R11049
199441,W_Valideren aanvraag,2012/01/19 13:31:37.797,2012/01/19 13:54:23.274,2012/01/09 21:43:18.337,45000,R10629
208307,A_SUBMITTED,2012/02/10 23:08:09.877,2012/02/10 23:08:09.877,2012/02/10 23:08:09.877,5000,R112
208307,A_PARTLYSUBMITTED,2012/02/10 23:08:10.334,2012/02/10 23:08:10.334,2012/02/10 23:08:09.877,5000,R112
208307,A_PARTLYSUBMITTED,2012/02/10 23:08:10.334,2012/02/10 23:08:10.334,2012/02/10 23:08:09.877,5000,R112
203573,A_SUBMITTED,2012/01/24 14:56:47.696,2012/01/24 14:56:47.696,2012/01/24 14:56:47.696,5000,R112
203573,A_PARTLYSUBMITTED,2012/01/24 14:56:47.962,2012/01/24 14:56:47.962,2012/01/24 14:56:47.696,5000,R112
203573,A_PARTLYSUBMITTED,2012/01/24 14:56:47.962,2012/01/24 14:56:47.962,2012/01/24 14:56:47.696,5000,R112
205002,A_SUBMITTED,2012/01/30 13:19:17.384,2012/01/30 13:19:17.384,2012/01/30 13:19:17.383,7500,R112
205002,A_PARTLYSUBMITTED,2012/01/30 13:19:17.890,2012/01/30 13:19:17.890,2012/01/30 13:19:17.383,7500,R112
205002,A_PARTLYSUBMITTED,2012/01/30 13:19:17.890,2012/01/30 13:19:17.890,2012/01/30 13:19:17.383,7500,R112
205002,W_Afhandelen leads,2012/01/30 14:57:52.471,2012/01/30 14:59:09.167,2012/01/30 13:19:17.383,7500,R11003
205002,A_PREACCEPTED,2012/01/30 14:59:07.904,2012/01/30 14:59:07.904,2012/01/30 13:19:17.383,7500,R11003
205002,A_PREACCEPTED,2012/01/30 14:59:07.904,2012/01/30 14:59:07.904,2012/01/30 13:19:17.383,7500,R11003
205002,W_Completeren aanvraag,2012/01/30 19:28:14.318,2012/01/30 19:30:15.531,2012/01/30 13:19:17.383,7500,R11119
213285,A_SUBMITTED,2012/02/27 14:26:50.434,2012/02/27 14:26:50.434,2012/02/27 14:26:50.434,4000,R112
213285,A_PARTLYSUBMITTED,2012/02/27 14:26:50.683,2012/02/27 14:26:50.683,2012/02/27 14:26:50.434,4000,R112
213285,A_PARTLYSUBMITTED,2012/02/27 14:26:50.683,2012/02/27 14:26:50.683,2012/02/27 14:26:50.434,4000,R112
210299,A_SUBMITTED,2012/02/17 07:27:24.328,2012/02/17 07:27:24.328,2012/02/17 07:27:24.321,17500,R112
210299,A_PARTLYSUBMITTED,2012/02/17 07:27:33.742,2012/02/17 07:27:33.742,2012/02/17 07:27:24.321,17500,R112
210299,A_PARTLYSUBMITTED,2012/02/17 07:27:33.742,2012/02/17 07:27:33.742,2012/02/17 07:27:24.321,17500,R112
210299,W_Afhandelen leads,2012/02/17 09:34:41.387,2012/02/17 10:04:14.483,2012/02/17 07:27:24.321,17500,R11121
212518,A_SUBMITTED,2012/02/24 15:38:31.534,2012/02/24 15:38:31.534,2012/02/24 15:38:31.533,3000,R112
210848,A_SUBMITTED,2012/02/19 16:04:49.286,2012/02/19 16:04:49.286,2012/02/19 16:04:49.285,10000,R112
210848,A_PARTLYSUBMITTED,2012/02/19 16:04:49.594,2012/02/19 16:04:49.594,2012/02/19 16:04:49.285,10000,R112
210848,A_PREACCEPTED,2012/02/19 16:05:25.291,2012/02/19 16:05:25.291,2012/02/19 16:04:49.285,10000,R112
210848,A_PREACCEPTED,2012/02/19 16:05:25.291,2012/02/19 16:05:25.291,2012/02/19 16:04:49.285,10000,R112
210848,W_Completeren aanvraag,2012/02/20 13:48:48.504,2012/02/20 13:51:50.760,2012/02/19 16:04:49.285,10000,R10861
210848,W_Completeren aanvraag,2012/02/20 14:19:16.751,2012/02/20 14:21:22.983,2012/02/19 16:04:49.285,10000,R11300
210848,W_Completeren aanvraag,2012/02/21 11:17:37.104,2012/02/21 11:41:58.330,2012/02/19 16:04:49.285,10000,R11019
210848,W_Completeren aanvraag,2012/02/21 11:42:50.621,2012/02/21 11:43:01.859,2012/02/19 16:04:49.285,10000,R11019
210848,W_Completeren aanvraag,2012/02/21 15:52:34.766,2012/02/21 15:54:21.322,2012/02/19 16:04:49.285,10000,R11302
210848,W_Completeren aanvraag,2012/02/22 12:17:26.114,2012/02/22 12:19:22.656,2012/02/19 16:04:49.285,10000,R11309
210848,W_Completeren aanvraag,2012/02/22 19:52:19.968,2012/02/22 19:53:07.445,2012/02/19 16:04:49.285,10000,R10861
208196,A_SUBMITTED,2012/02/10 16:27:46.389,2012/02/10 16:27:46.389,2012/02/10 16:27:46.389,15000,R112
208196,A_PARTLYSUBMITTED,2012/02/10 16:27:46.949,2012/02/10 16:27:46.949,2012/02/10 16:27:46.389,15000,R112
208196,A_PARTLYSUBMITTED,2012/02/10 16:27:46.949,2012/02/10 16:27:46.949,2012/02/10 16:27:46.389,15000,R112
208196,W_Afhandelen leads,2012/02/10 16:44:27.565,2012/02/10 16:46:04.181,2012/02/10 16:27:46.389,15000,R10629
208196,A_PREACCEPTED,2012/02/10 16:46:02.881,2012/02/10 16:46:02.881,2012/02/10 16:27:46.389,15000,R10629
208196,A_PREACCEPTED,2012/02/10 16:46:02.881,2012/02/10 16:46:02.881,2012/02/10 16:27:46.389,15000,R10629
208196,W_Completeren aanvraag,2012/02/10 19:57:09.505,2012/02/10 20:00:29.412,2012/02/10 16:27:46.389,15000,R10913
208196,W_Completeren aanvraag,2012/02/13 10:05:14.084,2012/02/13 10:06:42.988,2012/02/10 16:27:46.389,15000,R11000
208196,W_Completeren aanvraag,2012/02/13 16:06:37.506,2012/02/13 16:10:44.642,2012/02/10 16:27:46.389,15000,R11203
208196,A_ACCEPTED,2012/02/13 16:07:52.742,2012/02/13 16:07:52.742,2012/02/10 16:27:46.389,15000,R11203
208196,W_Completeren aanvraag,2012/02/13 18:08:42.078,2012/02/13 18:08:47.317,2012/02/10 16:27:46.389,15000,R10933
208196,W_Completeren aanvraag,2012/02/13 18:36:00.652,2012/02/13 18:40:38.351,2012/02/10 16:27:46.389,15000,R11122
208196,W_Completeren aanvraag,2012/02/13 18:57:03.526,2012/02/13 19:22:39.569,2012/02/10 16:27:46.389,15000,R10933
208196,W_Completeren aanvraag,2012/02/14 19:04:15.871,2012/02/14 20:53:08.617,2012/02/10 16:27:46.389,15000,R11201
208196,W_Completeren aanvraag,2012/02/15 09:16:24.890,2012/02/15 09:16:42.050,2012/02/10 16:27:46.389,15000,R10861
208196,W_Completeren aanvraag,2012/02/15 10:04:09.378,2012/02/15 10:27:54.368,2012/02/10 16:27:46.389,15000,R11203
208196,A_FINALIZED,2012/02/15 10:27:50.876,2012/02/15 10:27:50.876,2012/02/10 16:27:46.389,15000,R11203
208196,O_SELECTED,2012/02/15 10:27:50.876,2012/02/15 10:27:50.876,2012/02/10 16:27:46.389,15000,R11203
208196,O_CREATED,2012/02/15 10:27:53.045,2012/02/15 10:27:53.045,2012/02/10 16:27:46.389,15000,R11203
208196,O_SENT,2012/02/15 10:27:53.073,2012/02/15 10:27:53.073,2012/02/10 16:27:46.389,15000,R11203
208196,O_SENT,2012/02/15 10:27:53.073,2012/02/15 10:27:53.073,2012/02/10 16:27:46.389,15000,R11203
208196,W_Nabellen offertes,2012/02/21 11:40:23.760,2012/02/21 11:40:46.784,2012/02/10 16:27:46.389,15000,R10899
208196,O_SENT_BACK,2012/02/21 11:40:44.215,2012/02/21 11:40:44.215,2012/02/10 16:27:46.389,15000,R10899
208196,O_SENT_BACK,2012/02/21 11:40:44.215,2012/02/21 11:40:44.215,2012/02/10 16:27:46.389,15000,R10899
208196,W_Valideren aanvraag,2012/02/22 11:18:10.134,2012/02/22 11:26:23.048,2012/02/10 16:27:46.389,15000,R10138
208196,W_Valideren aanvraag,2012/02/22 11:18:10.134,2012/02/22 11:26:23.048,2012/02/10 16:27:46.389,15000,R10138
208196,W_Nabellen incomplete dossiers,2012/02/22 11:47:08.358,2012/02/22 11:51:05.493,2012/02/10 16:27:46.389,15000,R10861
208196,W_Nabellen incomplete dossiers,2012/02/22 14:38:37.377,2012/02/22 14:40:24.231,2012/02/10 16:27:46.389,15000,R10899
208196,W_Nabellen incomplete dossiers,2012/02/22 14:40:38.128,2012/02/22 14:40:53.082,2012/02/10 16:27:46.389,15000,R10899
208196,W_Nabellen incomplete dossiers,2012/02/22 14:44:55.846,2012/02/22 14:46:11.852,2012/02/10 16:27:46.389,15000,R11019
208196,W_Nabellen incomplete dossiers,2012/02/22 14:54:53.946,2012/02/22 15:00:14.793,2012/02/10 16:27:46.389,15000,R11019
208196,W_Nabellen incomplete dossiers,2012/02/22 16:27:12.774,2012/02/22 16:27:51.455,2012/02/10 16:27:46.389,15000,R10899
208196,W_Nabellen incomplete dossiers,2012/02/22 16:27:12.774,2012/02/22 16:27:51.455,2012/02/10 16:27:46.389,15000,R10899
208196,W_Valideren aanvraag,2012/02/22 18:56:53.177,2012/02/22 18:58:08.639,2012/02/10 16:27:46.389,15000,R10881
208196,W_Valideren aanvraag,2012/02/23 09:16:51.746,2012/02/23 09:33:14.395,2012/02/10 16:27:46.389,15000,R10138
208196,W_Valideren aanvraag,2012/02/23 09:16:51.746,2012/02/23 09:33:14.395,2012/02/10 16:27:46.389,15000,R10138
208196,W_Nabellen incomplete dossiers,2012/02/23 09:54:09.470,2012/02/23 09:58:50.808,2012/02/10 16:27:46.389,15000,R11169
208196,W_Nabellen incomplete dossiers,2012/02/23 10:02:50.152,2012/02/23 10:10:13.427,2012/02/10 16:27:46.389,15000,R11169
208196,O_SELECTED,2012/02/23 10:10:10.984,2012/02/23 10:10:10.984,2012/02/10 16:27:46.389,15000,R11169
208196,O_CANCELLED,2012/02/23 10:10:10.984,2012/02/23 10:10:10.984,2012/02/10 16:27:46.389,15000,R11169
208196,O_CREATED,2012/02/23 10:10:11.666,2012/02/23 10:10:11.666,2012/02/10 16:27:46.389,15000,R11169
208196,O_SENT,2012/02/23 10:10:11.702,2012/02/23 10:10:11.702,2012/02/10 16:27:46.389,15000,R11169
199717,A_SUBMITTED,2012/01/10 21:02:17.285,2012/01/10 21:02:17.285,2012/01/10 21:02:17.285,15000,R112
199717,A_PARTLYSUBMITTED,2012/01/10 21:02:17.387,2012/01/10 21:02:17.387,2012/01/10 21:02:17.285,15000,R112
199717,A_PREACCEPTED,2012/01/10 21:02:49.299,2012/01/10 21:02:49.299,2012/01/10 21:02:17.285,15000,R112
199717,A_PREACCEPTED,2012/01/10 21:02:49.299,2012/01/10 21:02:49.299,2012/01/10 21:02:17.285,15000,R112
199717,W_Completeren aanvraag,2012/01/11 15:23:47.478,2012/01/11 15:26:33.112,2012/01/10 21:02:17.285,15000,R10863
199717,W_Completeren aanvraag,2012/01/11 19:09:17.814,2012/01/11 19:42:16.646,2012/01/10 21:02:17.285,15000,R10910
199717,W_Completeren aanvraag,2012/01/12 16:43:41.749,2012/01/12 16:46:24.287,2012/01/10 21:02:17.285,15000,R11169
199717,W_Completeren aanvraag,2012/01/12 19:21:14.530,2012/01/12 19:32:45.883,2012/01/10 21:02:17.285,15000,R11122
199717,A_ACCEPTED,2012/01/12 19:27:25.646,2012/01/12 19:27:25.646,2012/01/10 21:02:17.285,15000,R11122
199717,A_FINALIZED,2012/01/12 19:32:43.661,2012/01/12 19:32:43.661,2012/01/10 21:02:17.285,15000,R11122
199717,O_SELECTED,2012/01/12 19:32:43.661,2012/01/12 19:32:43.661,2012/01/10 21:02:17.285,15000,R11122
199717,O_CREATED,2012/01/12 19:32:44.672,2012/01/12 19:32:44.672,2012/01/10 21:02:17.285,15000,R11122
199717,O_SENT,2012/01/12 19:32:44.698,2012/01/12 19:32:44.698,2012/01/10 21:02:17.285,15000,R11122
199717,O_SENT,2012/01/12 19:32:44.698,2012/01/12 19:32:44.698,2012/01/10 21:02:17.285,15000,R11122
214298,A_SUBMITTED,2012/02/29 21:00:31.126,2012/02/29 21:00:31.126,2012/02/29 21:00:31.126,50000,R112
214298,A_PARTLYSUBMITTED,2012/02/29 21:00:31.325,2012/02/29 21:00:31.325,2012/02/29 21:00:31.126,50000,R112
214298,A_PREACCEPTED,2012/02/29 21:01:10.426,2012/02/29 21:01:10.426,2012/02/29 21:00:31.126,50000,R112
214298,A_PREACCEPTED,2012/02/29 21:01:10.426,2012/02/29 21:01:10.426,2012/02/29 21:00:31.126,50000,R112
214298,W_Completeren aanvraag,2012/03/01 16:31:43.012,2012/03/01 16:43:23.361,2012/02/29 21:00:31.126,50000,R11203
214298,W_Completeren aanvraag,2012/03/01 16:46:23.518,2012/03/01 16:49:21.836,2012/02/29 21:00:31.126,50000,R11203
202692,A_SUBMITTED,2012/01/20 19:57:30.603,2012/01/20 19:57:30.603,2012/01/20 19:57:30.603,10000,R112
202692,A_PARTLYSUBMITTED,2012/01/20 19:57:30.897,2012/01/20 19:57:30.897,2012/01/20 19:57:30.603,10000,R112
202692,A_PREACCEPTED,2012/01/20 19:58:12.215,2012/01/20 19:58:12.215,2012/01/20 19:57:30.603,10000,R112
202692,A_PREACCEPTED,2012/01/20 19:58:12.215,2012/01/20 19:58:12.215,2012/01/20 19:57:30.603,10000,R112
210500,A_SUBMITTED,2012/02/17 21:10:19.287,2012/02/17 21:10:19.287,2012/02/17 21:10:19.287,5000,R112
210500,A_PARTLYSUBMITTED,2012/02/17 21:10:19.673,2012/02/17 21:10:19.673,2012/02/17 21:10:19.287,5000,R112
208562,A_SUBMITTED,2012/02/12 13:19:08.944,2012/02/12 13:19:08.944,2012/02/12 13:19:08.944,50000,R112
209413,A_SUBMITTED,2012/02/14 18:24:52.352,2012/02/14 18:24:52.352,2012/02/14 18:24:52.352,5000,R112
209413,A_PARTLYSUBMITTED,2012/02/14 18:24:52.551,2012/02/14 18:24:52.551,2012/02/14 18:24:52.352,5000,R112
209413,A_PARTLYSUBMITTED,2012/02/14 18:24:52.551,2012/02/14 18:24:52.551,2012/02/14 18:24:52.352,5000,R112
209413,W_Afhandelen leads,2012/02/14 18:27:20.815,2012/02/14 18:30:21.837,2012/02/14 18:24:52.352,5000,R11201
202131,A_SUBMITTED,2012/01/18 20:48:38.866,2012/01/18 20:48:38.866,2012/01/18 20:48:38.866,3500,R112
203149,A_SUBMITTED,2012/01/23 10:12:37.913,2012/01/23 10:12:37.913,2012/01/23 10:12:37.913,25000,R112
203149,A_PARTLYSUBMITTED,2012/01/23 10:12:39.114,2012/01/23 10:12:39.114,2012/01/23 10:12:37.913,25000,R112
203149,A_PARTLYSUBMITTED,2012/01/23 10:12:39.114,2012/01/23 10:12:39.114,2012/01/23 10:12:37.913,25000,R112
203149,W_Afhandelen leads,2012/01/23 10:13:16.905,2012/01/23 10:15:31.002,2012/01/23 10:12:37.913,25000,R11180
203149,A_PREACCEPTED,2012/01/23 10:15:29.879,2012/01/23 10:15:29.879,2012/01/23 10:12:37.913,25000,R11180
203149,A_PREACCEPTED,2012/01/23 10:15:29.879,2012/01/23 10:15:29.879,2012/01/23 10:12:37.913,25000,R11180
203149,W_Completeren aanvraag,2012/01/23 10:15:46.312,2012/01/23 10:18:34.112,2012/01/23 10:12:37.913,25000,R11180
203149,A_ACCEPTED,2012/01/23 10:17:53.947,2012/01/23 10:17:53.947,2012/01/23 10:12:37.913,25000,R11180
203149,A_FINALIZED,2012/01/23 10:18:32.174,2012/01/23 10:18:32.174,2012/01/23 10:12:37.913,25000,R11180
203149,O_SELECTED,2012/01/23 10:18:32.174,2012/01/23 10:18:32.174,2012/01/23 10:12:37.913,25000,R11180
203149,O_CREATED,2012/01/23 10:18:32.963,2012/01/23 10:18:32.963,2012/01/23 10:12:37.913,25000,R11180
201108,A_SUBMITTED,2012/01/15 18:42:10.554,2012/01/15 18:42:10.554,2012/01/15 18:42:10.554,5000,R112
201108,A_PARTLYSUBMITTED,2012/01/15 18:42:10.673,2012/01/15 18:42:10.673,2012/01/15 18:42:10.554,5000,R112
201108,A_PARTLYSUBMITTED,2012/01/15 18:42:10.673,2012/01/15 18:42:10.673,2012/01/15 18:42:10.554,5000,R112
201108,W_Afhandelen leads,2012/01/16 09:28:04.360,2012/01/16 09:45:36.755,2012/01/15 18:42:10.554,5000,R10228
212175,A_SUBMITTED,2012/02/23 15:11:52.142,2012/02/23 15:11:52.142,2012/02/23 15:11:52.142,10000,R112
212175,A_PARTLYSUBMITTED,2012/02/23 15:11:53.239,2012/02/23 15:11:53.239,2012/02/23 15:11:52.142,10000,R112
212175,A_PREACCEPTED,2012/02/23 15:12:36.744,2012/02/23 15:12:36.744,2012/02/23 15:11:52.142,10000,R112
212175,A_PREACCEPTED,2012/02/23 15:12:36.744,2012/02/23 15:12:36.744,2012/02/23 15:11:52.142,10000,R112
212175,W_Completeren aanvraag,2012/02/23 15:12:59.362,2012/02/23 15:20:01.297,2012/02/23 15:11:52.142,10000,R11302
212175,A_ACCEPTED,2012/02/23 15:15:49.743,2012/02/23 15:15:49.743,2012/02/23 15:11:52.142,10000,R11302
212175,O_SELECTED,2012/02/23 15:19:57.676,2012/02/23 15:19:57.676,2012/02/23 15:11:52.142,10000,R11302
211847,A_SUBMITTED,2012/02/22 16:51:24.638,2012/02/22 16:51:24.638,2012/02/22 16:51:24.638,8000,R112
211847,A_PARTLYSUBMITTED,2012/02/22 16:51:24.841,2012/02/22 16:51:24.841,2012/02/22 16:51:24.638,8000,R112
211847,A_PREACCEPTED,2012/02/22 16:52:08.776,2012/02/22 16:52:08.776,2012/02/22 16:51:24.638,8000,R112
211847,A_PREACCEPTED,2012/02/22 16:52:08.776,2012/02/22 16:52:08.776,2012/02/22 16:51:24.638,8000,R112
211847,W_Completeren aanvraag,2012/02/22 19:42:55.569,2012/02/22 19:55:46.731,2012/02/22 16:51:24.638,8000,R10931
211847,W_Completeren aanvraag,2012/02/22 19:56:56.982,2012/02/22 19:59:33.298,2012/02/22 16:51:24.638,8000,R11003
211847,W_Completeren aanvraag,2012/02/23 11:09:56.290,2012/02/23 11:11:45.308,2012/02/22 16:51:24.638,8000,R11179
211847,W_Completeren aanvraag,2012/02/23 13:21:51.147,2012/02/23 13:22:59.411,2012/02/22 16:51:24.638,8000,R11302
211847,W_Completeren aanvraag,2012/02/23 17:40:05.458,2012/02/23 17:41:18.198,2012/02/22 16:51:24.638,8000,R10933
211847,W_Completeren aanvraag,2012/02/24 10:36:57.616,2012/02/24 10:38:27.687,2012/02/22 16:51:24.638,8000,R11121
211847,W_Completeren aanvraag,2012/02/24 12:08:57.622,2012/02/24 12:21:33.458,2012/02/22 16:51:24.638,8000,R11169
211847,A_ACCEPTED,2012/02/24 12:20:13.502,2012/02/24 12:20:13.502,2012/02/22 16:51:24.638,8000,R11169
211847,A_FINALIZED,2012/02/24 12:21:30.476,2012/02/24 12:21:30.476,2012/02/22 16:51:24.638,8000,R11169
211847,O_SELECTED,2012/02/24 12:21:30.476,2012/02/24 12:21:30.476,2012/02/22 16:51:24.638,8000,R11169
211847,O_CREATED,2012/02/24 12:21:31.373,2012/02/24 12:21:31.373,2012/02/22 16:51:24.638,8000,R11169
211847,O_SENT,2012/02/24 12:21:31.420,2012/02/24 12:21:31.420,2012/02/22 16:51:24.638,8000,R11169
211847,O_SENT,2012/02/24 12:21:31.420,2012/02/24 12:21:31.420,2012/02/22 16:51:24.638,8000,R11169
211847,W_Nabellen offertes,2012/02/25 14:23:01.101,2012/02/25 14:24:45.524,2012/02/22 16:51:24.638,8000,R10909
211847,W_Nabellen offertes,2012/02/25 14:24:49.082,2012/02/25 14:25:29.096,2012/02/22 16:51:24.638,8000,R10909
211847,O_SELECTED,2012/02/25 14:25:26.295,2012/02/25 14:25:26.295,2012/02/22 16:51:24.638,8000,R10909
211847,O_CANCELLED,2012/02/25 14:25:26.295,2012/02/25 14:25:26.295,2012/02/22 16:51:24.638,8000,R10909
211847,O_CREATED,2012/02/25 14:25:27.654,2012/02/25 14:25:27.654,2012/02/22 16:51:24.638,8000,R10909
211847,O_SENT,2012/02/25 14:25:27.705,2012/02/25 14:25:27.705,2012/02/22 16:51:24.638,8000,R10909
211847,O_SENT,2012/02/25 14:25:27.705,2012/02/25 14:25:27.705,2012/02/22 16:51:24.638,8000,R10909
211847,W_Nabellen offertes,2012/02/25 14:25:38.053,2012/02/25 14:26:35.176,2012/02/22 16:51:24.638,8000,R10909
211847,W_Nabellen offertes,2012/02/25 14:26:47.203,2012/02/25 14:26:59.203,2012/02/22 16:51:24.638,8000,R10909
211847,W_Nabellen offertes,2012/03/03 14:59:12.474,2012/03/03 15:01:56.249,2012/02/22 16:51:24.638,8000,R11119
211847,W_Nabellen offertes,2012/03/03 15:06:51.722,2012/03/03 15:07:06.455,2012/02/22 16:51:24.638,8000,R10982
211847,W_Nabellen offertes,2012/03/05 11:10:25.954,2012/03/05 11:10:43.600,2012/02/22 16:51:24.638,8000,R10899
211847,O_SENT_BACK,2012/03/05 11:10:42.041,2012/03/05 11:10:42.041,2012/02/22 16:51:24.638,8000,R10899
211847,O_SENT_BACK,2012/03/05 11:10:42.041,2012/03/05 11:10:42.041,2012/02/22 16:51:24.638,8000,R10899
205211,A_SUBMITTED,2012/01/31 08:55:25.767,2012/01/31 08:55:25.767,2012/01/31 08:55:25.767,10000,R112
205211,A_PARTLYSUBMITTED,2012/01/31 08:55:25.906,2012/01/31 08:55:25.906,2012/01/31 08:55:25.767,10000,R112
205211,A_PARTLYSUBMITTED,2012/01/31 08:55:25.906,2012/01/31 08:55:25.906,2012/01/31 08:55:25.767,10000,R112
205211,W_Afhandelen leads,2012/01/31 09:48:35.267,2012/01/31 10:01:50.211,2012/01/31 08:55:25.767,10000,R11169
205211,W_Afhandelen leads,2012/01/31 10:06:51.970,2012/01/31 10:11:06.660,2012/01/31 08:55:25.767,10000,R11169
205211,A_PREACCEPTED,2012/01/31 10:11:05.489,2012/01/31 10:11:05.489,2012/01/31 08:55:25.767,10000,R11169
205211,A_PREACCEPTED,2012/01/31 10:11:05.489,2012/01/31 10:11:05.489,2012/01/31 08:55:25.767,10000,R11169
205211,W_Completeren aanvraag,2012/01/31 15:00:41.540,2012/01/31 15:01:58.525,2012/01/31 08:55:25.767,10000,R10909
205211,W_Completeren aanvraag,2012/01/31 18:45:56.961,2012/01/31 18:46:35.325,2012/01/31 08:55:25.767,10000,R10982
205211,W_Completeren aanvraag,2012/01/31 19:48:22.649,2012/01/31 19:49:57.683,2012/01/31 08:55:25.767,10000,R10982
208661,A_SUBMITTED,2012/02/12 22:32:28.506,2012/02/12 22:32:28.506,2012/02/12 22:32:28.506,20000,R112
208661,A_PARTLYSUBMITTED,2012/02/12 22:32:29.018,2012/02/12 22:32:29.018,2012/02/12 22:32:28.506,20000,R112
208661,A_PREACCEPTED,2012/02/12 22:33:16.187,2012/02/12 22:33:16.187,2012/02/12 22:32:28.506,20000,R112
208661,A_PREACCEPTED,2012/02/12 22:33:16.187,2012/02/12 22:33:16.187,2012/02/12 22:32:28.506,20000,R112
208661,W_Completeren aanvraag,2012/02/13 14:08:37.599,2012/02/13 14:13:14.989,2012/02/12 22:32:28.506,20000,R11009
208661,W_Completeren aanvraag,2012/02/13 16:25:19.045,2012/02/13 16:42:07.739,2012/02/12 22:32:28.506,20000,R10932
208661,A_ACCEPTED,2012/02/13 16:36:17.879,2012/02/13 16:36:17.879,2012/02/12 22:32:28.506,20000,R10932
208661,O_SELECTED,2012/02/13 16:42:05.279,2012/02/13 16:42:05.279,2012/02/12 22:32:28.506,20000,R10932
208661,A_FINALIZED,2012/02/13 16:42:05.279,2012/02/13 16:42:05.279,2012/02/12 22:32:28.506,20000,R10932
208661,O_CREATED,2012/02/13 16:42:06.340,2012/02/13 16:42:06.340,2012/02/12 22:32:28.506,20000,R10932
208661,O_SENT,2012/02/13 16:42:06.367,2012/02/13 16:42:06.367,2012/02/12 22:32:28.506,20000,R10932
208661,O_SENT,2012/02/13 16:42:06.367,2012/02/13 16:42:06.367,2012/02/12 22:32:28.506,20000,R10932
213762,A_SUBMITTED,2012/02/28 15:08:48.521,2012/02/28 15:08:48.521,2012/02/28 15:08:48.520,15000,R112
213762,A_PARTLYSUBMITTED,2012/02/28 15:08:48.681,2012/02/28 15:08:48.681,2012/02/28 15:08:48.520,15000,R112
212470,A_SUBMITTED,2012/02/24 14:01:19.628,2012/02/24 14:01:19.628,2012/02/24 14:01:19.628,12000,R112
212470,A_PARTLYSUBMITTED,2012/02/24 14:01:20.295,2012/02/24 14:01:20.295,2012/02/24 14:01:19.628,12000,R112
208199,A_SUBMITTED,2012/02/10 16:31:57.792,2012/02/10 16:31:57.792,2012/02/10 16:31:57.792,25000,R112
201385,A_SUBMITTED,2012/01/16 15:42:30.940,2012/01/16 15:42:30.940,2012/01/16 15:42:30.940,9000,R112
201385,A_PARTLYSUBMITTED,2012/01/16 15:42:32.594,2012/01/16 15:42:32.594,2012/01/16 15:42:30.940,9000,R112
201385,A_PREACCEPTED,2012/01/16 15:43:13.180,2012/01/16 15:43:13.180,2012/01/16 15:42:30.940,9000,R112
201385,A_PREACCEPTED,2012/01/16 15:43:13.180,2012/01/16 15:43:13.180,2012/01/16 15:42:30.940,9000,R112
201385,W_Completeren aanvraag,2012/01/16 16:20:51.806,2012/01/16 16:26:18.030,2012/01/16 15:42:30.940,9000,R11121
201385,W_Completeren aanvraag,2012/01/16 16:27:09.357,2012/01/16 16:29:26.752,2012/01/16 15:42:30.940,9000,R11121
201385,W_Completeren aanvraag,2012/01/16 16:29:46.215,2012/01/16 16:34:48.900,2012/01/16 15:42:30.940,9000,R11121
201385,A_ACCEPTED,2012/01/16 16:30:49.172,2012/01/16 16:30:49.172,2012/01/16 15:42:30.940,9000,R11121
201385,O_SELECTED,2012/01/16 16:34:45.396,2012/01/16 16:34:45.396,2012/01/16 15:42:30.940,9000,R11121
201385,A_FINALIZED,2012/01/16 16:34:45.396,2012/01/16 16:34:45.396,2012/01/16 15:42:30.940,9000,R11121
201385,O_CREATED,2012/01/16 16:34:46.397,2012/01/16 16:34:46.397,2012/01/16 15:42:30.940,9000,R11121
201385,O_SENT,2012/01/16 16:34:46.430,2012/01/16 16:34:46.430,2012/01/16 15:42:30.940,9000,R11121
201385,O_SENT,2012/01/16 16:34:46.430,2012/01/16 16:34:46.430,2012/01/16 15:42:30.940,9000,R11121
201385,W_Nabellen offertes,2012/01/16 16:35:16.583,2012/01/16 16:36:12.152,2012/01/16 15:42:30.940,9000,R11121
201385,W_Nabellen offertes,2012/01/18 19:01:45.754,2012/01/18 19:03:00.158,2012/01/16 15:42:30.940,9000,R10929
201385,O_SELECTED,2012/01/18 19:02:56.288,2012/01/18 19:02:56.288,2012/01/16 15:42:30.940,9000,R10929
201385,O_CANCELLED,2012/01/18 19:02:56.288,2012/01/18 19:02:56.288,2012/01/16 15:42:30.940,9000,R10929
201385,O_CREATED,2012/01/18 19:02:57.766,2012/01/18 19:02:57.766,2012/01/16 15:42:30.940,9000,R10929
201385,O_SENT,2012/01/18 19:02:57.797,2012/01/18 19:02:57.797,2012/01/16 15:42:30.940,9000,R10929
201385,O_SENT,2012/01/18 19:02:57.797,2012/01/18 19:02:57.797,2012/01/16 15:42:30.940,9000,R10929
201385,W_Nabellen offertes,2012/01/18 19:03:04.399,2012/01/18 19:03:13.152,2012/01/16 15:42:30.940,9000,R10929
201385,W_Nabellen offertes,2012/01/25 19:47:14.040,2012/01/25 19:49:20.978,2012/01/16 15:42:30.940,9000,R10929
201385,W_Nabellen offertes,2012/01/25 19:52:03.513,2012/01/25 19:53:49.777,2012/01/16 15:42:30.940,9000,R10909
201385,W_Nabellen offertes,2012/01/30 11:27:40.002,2012/01/30 11:28:00.413,2012/01/16 15:42:30.940,9000,R11259
201385,O_SENT_BACK,2012/01/30 11:27:57.781,2012/01/30 11:27:57.781,2012/01/16 15:42:30.940,9000,R11259
201385,O_SENT_BACK,2012/01/30 11:27:57.781,2012/01/30 11:27:57.781,2012/01/16 15:42:30.940,9000,R11259
201385,W_Valideren aanvraag,2012/02/02 16:21:59.457,2012/02/02 16:49:27.098,2012/01/16 15:42:30.940,9000,R10609
201385,W_Valideren aanvraag,2012/02/02 16:21:59.457,2012/02/02 16:49:27.098,2012/01/16 15:42:30.940,9000,R10609
201385,W_Nabellen incomplete dossiers,2012/02/02 19:47:32.532,2012/02/02 20:09:23.579,2012/01/16 15:42:30.940,9000,R11181
201385,W_Nabellen incomplete dossiers,2012/02/02 20:52:57.602,2012/02/02 20:54:18.069,2012/01/16 15:42:30.940,9000,R10913
201385,W_Nabellen incomplete dossiers,2012/02/03 11:01:39.897,2012/02/03 11:02:04.558,2012/01/16 15:42:30.940,9000,R10899
201385,W_Nabellen incomplete dossiers,2012/02/03 11:01:39.897,2012/02/03 11:02:04.558,2012/01/16 15:42:30.940,9000,R10899
201385,W_Valideren aanvraag,2012/02/03 11:03:21.278,2012/02/03 11:03:37.694,2012/01/16 15:42:30.940,9000,R10609
201385,W_Valideren aanvraag,2012/02/03 11:26:12.081,2012/02/03 11:34:39.116,2012/01/16 15:42:30.940,9000,R10609
201385,W_Valideren aanvraag,2012/02/03 11:26:12.081,2012/02/03 11:34:39.116,2012/01/16 15:42:30.940,9000,R10609
201385,W_Nabellen incomplete dossiers,2012/02/03 12:44:25.151,2012/02/03 12:44:54.916,2012/01/16 15:42:30.940,9000,R11169
201385,W_Nabellen incomplete dossiers,2012/02/03 13:00:32.276,2012/02/03 14:08:50.316,2012/01/16 15:42:30.940,9000,R11122
201385,W_Nabellen incomplete dossiers,2012/02/03 14:09:08.989,2012/02/03 14:12:31.452,2012/01/16 15:42:30.940,9000,R11122
201385,W_Nabellen incomplete dossiers,2012/02/03 14:34:16.301,2012/02/03 14:37:24.714,2012/01/16 15:42:30.940,9000,R11122
201385,W_Nabellen incomplete dossiers,2012/02/06 09:53:35.640,2012/02/06 09:55:36.515,2012/01/16 15:42:30.940,9000,R11049
201385,W_Nabellen incomplete dossiers,2012/02/06 09:53:35.640,2012/02/06 09:55:36.515,2012/01/16 15:42:30.940,9000,R11049
201385,W_Valideren aanvraag,2012/02/06 12:26:30.259,2012/02/06 12:28:13.827,2012/01/16 15:42:30.940,9000,R10609
201385,W_Valideren aanvraag,2012/02/06 13:02:39.594,2012/02/06 13:09:34.686,2012/01/16 15:42:30.940,9000,R10609
201385,W_Valideren aanvraag,2012/02/06 13:02:39.594,2012/02/06 13:09:34.686,2012/01/16 15:42:30.940,9000,R10609
201385,W_Nabellen incomplete dossiers,2012/02/06 13:28:25.441,2012/02/06 13:28:36.815,2012/01/16 15:42:30.940,9000,R10609
201385,W_Nabellen incomplete dossiers,2012/02/06 19:12:32.824,2012/02/06 19:25:08.881,2012/01/16 15:42:30.940,9000,R11002
209221,A_SUBMITTED,2012/02/14 10:33:47.875,2012/02/14 10:33:47.875,2012/02/14 10:33:47.875,44000,R112
209221,A_PARTLYSUBMITTED,2012/02/14 10:33:48.452,2012/02/14 10:33:48.452,2012/02/14 10:33:47.875,44000,R112
209221,A_PARTLYSUBMITTED,2012/02/14 10:33:48.452,2012/02/14 10:33:48.452,2012/02/14 10:33:47.875,44000,R112
209221,W_Afhandelen leads,2012/02/14 10:34:13.920,2012/02/14 10:37:12.957,2012/02/14 10:33:47.875,44000,R10881
209221,A_PREACCEPTED,2012/02/14 10:37:11.309,2012/02/14 10:37:11.309,2012/02/14 10:33:47.875,44000,R10881
209221,A_PREACCEPTED,2012/02/14 10:37:11.309,2012/02/14 10:37:11.309,2012/02/14 10:33:47.875,44000,R10881
209221,W_Completeren aanvraag,2012/02/14 10:37:22.653,2012/02/14 10:42:40.313,2012/02/14 10:33:47.875,44000,R10881
209221,A_ACCEPTED,2012/02/14 10:41:25.000,2012/02/14 10:41:25.000,2012/02/14 10:33:47.875,44000,R10881
209221,A_FINALIZED,2012/02/14 10:41:50.205,2012/02/14 10:41:50.205,2012/02/14 10:33:47.875,44000,R10881
212235,A_SUBMITTED,2012/02/23 17:29:31.540,2012/02/23 17:29:31.540,2012/02/23 17:29:31.539,10000,R112
212235,A_PARTLYSUBMITTED,2012/02/23 17:29:32.432,2012/02/23 17:29:32.432,2012/02/23 17:29:31.539,10000,R112
212235,A_PREACCEPTED,2012/02/23 17:30:10.802,2012/02/23 17:30:10.802,2012/02/23 17:29:31.539,10000,R112
212235,A_PREACCEPTED,2012/02/23 17:30:10.802,2012/02/23 17:30:10.802,2012/02/23 17:29:31.539,10000,R112
212235,W_Completeren aanvraag,2012/02/23 17:46:31.312,2012/02/23 17:51:49.827,2012/02/23 17:29:31.539,10000,R11181
212235,W_Completeren aanvraag,2012/02/23 17:51:52.277,2012/02/23 17:54:45.266,2012/02/23 17:29:31.539,10000,R11181
212235,W_Completeren aanvraag,2012/02/23 17:54:46.803,2012/02/23 18:01:04.329,2012/02/23 17:29:31.539,10000,R11181
212235,A_ACCEPTED,2012/02/23 17:56:57.256,2012/02/23 17:56:57.256,2012/02/23 17:29:31.539,10000,R11181
204137,A_SUBMITTED,2012/01/26 09:51:02.285,2012/01/26 09:51:02.285,2012/01/26 09:51:02.285,12500,R112
204137,A_PARTLYSUBMITTED,2012/01/26 09:51:02.608,2012/01/26 09:51:02.608,2012/01/26 09:51:02.285,12500,R112
204137,A_PREACCEPTED,2012/01/26 09:51:43.613,2012/01/26 09:51:43.613,2012/01/26 09:51:02.285,12500,R112
204137,A_PREACCEPTED,2012/01/26 09:51:43.613,2012/01/26 09:51:43.613,2012/01/26 09:51:02.285,12500,R112
204137,W_Completeren aanvraag,2012/01/26 09:52:57.516,2012/01/26 09:56:55.192,2012/01/26 09:51:02.285,12500,R11000
204137,A_ACCEPTED,2012/01/26 09:56:33.205,2012/01/26 09:56:33.205,2012/01/26 09:51:02.285,12500,R11000
204137,O_SELECTED,2012/01/26 09:56:51.751,2012/01/26 09:56:51.751,2012/01/26 09:51:02.285,12500,R11000
204137,A_FINALIZED,2012/01/26 09:56:51.752,2012/01/26 09:56:51.752,2012/01/26 09:51:02.285,12500,R11000
204137,O_CREATED,2012/01/26 09:56:53.271,2012/01/26 09:56:53.271,2012/01/26 09:51:02.285,12500,R11000
204137,O_SENT,2012/01/26 09:56:53.295,2012/01/26 09:56:53.295,2012/01/26 09:51:02.285,12500,R11000
204137,O_SENT,2012/01/26 09:56:53.295,2012/01/26 09:56:53.295,2012/01/26 09:51:02.285,12500,R11000
204137,W_Nabellen offertes,2012/01/26 09:57:04.764,2012/01/26 09:58:11.044,2012/01/26 09:51:02.285,12500,R11000
204137,W_Nabellen offertes,2012/01/26 09:58:33.066,2012/01/26 09:58:50.374,2012/01/26 09:51:02.285,12500,R11000
204137,W_Nabellen offertes,2012/02/01 20:25:03.805,2012/02/01 20:26:56.343,2012/01/26 09:51:02.285,12500,R11119
204137,W_Nabellen offertes,2012/02/04 13:33:04.217,2012/02/04 13:34:16.738,2012/01/26 09:51:02.285,12500,R10931
204137,W_Nabellen offertes,2012/02/06 10:54:47.404,2012/02/06 10:54:59.389,2012/01/26 09:51:02.285,12500,R10899
204137,O_SENT_BACK,2012/02/06 10:54:57.004,2012/02/06 10:54:57.004,2012/01/26 09:51:02.285,12500,R10899
204137,O_SENT_BACK,2012/02/06 10:54:57.004,2012/02/06 10:54:57.004,2012/01/26 09:51:02.285,12500,R10899
204137,W_Valideren aanvraag,2012/02/09 19:16:59.913,2012/02/09 19:32:39.920,2012/01/26 09:51:02.285,12500,R10138
204137,W_Valideren aanvraag,2012/02/10 10:29:46.780,2012/02/10 10:33:58.743,2012/01/26 09:51:02.285,12500,R10138
204137,A_ACTIVATED,2012/02/10 10:33:51.357,2012/02/10 10:33:51.357,2012/01/26 09:51:02.285,12500,R10138
210143,A_SUBMITTED,2012/02/16 14:24:37.850,2012/02/16 14:24:37.850,2012/02/16 14:24:37.850,10000,R112
211579,A_SUBMITTED,2012/02/21 20:45:01.253,2012/02/21 20:45:01.253,2012/02/21 20:45:01.252,6000,R112
214133,A_SUBMITTED,2012/02/29 15:08:36.182,2012/02/29 15:08:36.182,2012/02/29 15:08:36.182,27500,R112
214133,A_PARTLYSUBMITTED,2012/02/29 15:08:36.368,2012/02/29 15:08:36.368,2012/02/29 15:08:36.182,27500,R112
214133,A_PARTLYSUBMITTED,2012/02/29 15:08:36.368,2012/02/29 15:08:36.368,2012/02/29 15:08:36.182,27500,R112
199537,A_SUBMITTED,2012/01/10 10:37:41.198,2012/01/10 10:37:41.198,2012/01/10 10:37:41.198,50000,R112
199537,A_PARTLYSUBMITTED,2012/01/10 10:37:41.494,2012/01/10 10:37:41.494,2012/01/10 10:37:41.198,50000,R112
199537,A_PARTLYSUBMITTED,2012/01/10 10:37:41.494,2012/01/10 10:37:41.494,2012/01/10 10:37:41.198,50000,R112
199537,W_Afhandelen leads,2012/01/10 10:38:50.303,2012/01/10 10:40:31.912,2012/01/10 10:37:41.198,50000,R10909
199537,A_PREACCEPTED,2012/01/10 10:40:30.022,2012/01/10 10:40:30.022,2012/01/10 10:37:41.198,50000,R10909
199537,A_PREACCEPTED,2012/01/10 10:40:30.022,2012/01/10 10:40:30.022,2012/01/10 10:37:41.198,50000,R10909
199537,W_Completeren aanvraag,2012/01/10 10:42:16.285,2012/01/10 10:49:45.754,2012/01/10 10:37:41.198,50000,R10909
212012,A_SUBMITTED,2012/02/22 23:33:53.343,2012/02/22 23:33:53.343,2012/02/22 23:33:53.343,35000,R112
212012,A_PARTLYSUBMITTED,2012/02/22 23:33:53.468,2012/02/22 23:33:53.468,2012/02/22 23:33:53.343,35000,R112
212012,A_PARTLYSUBMITTED,2012/02/22 23:33:53.468,2012/02/22 23:33:53.468,2012/02/22 23:33:53.343,35000,R112
212012,W_Afhandelen leads,2012/02/23 09:35:16.360,2012/02/23 09:35:28.676,2012/02/22 23:33:53.343,35000,R11201
212012,W_Afhandelen leads,2012/02/23 09:38:09.500,2012/02/23 15:12:47.295,2012/02/22 23:33:53.343,35000,R11302
212012,W_Afhandelen leads,2012/02/23 15:14:34.429,2012/02/23 15:16:57.275,2012/02/22 23:33:53.343,35000,R11201
212012,A_PREACCEPTED,2012/02/23 15:16:54.029,2012/02/23 15:16:54.029,2012/02/22 23:33:53.343,35000,R11201
212012,A_PREACCEPTED,2012/02/23 15:16:54.029,2012/02/23 15:16:54.029,2012/02/22 23:33:53.343,35000,R11201
212012,W_Completeren aanvraag,2012/02/23 15:18:53.084,2012/02/23 15:19:18.080,2012/02/22 23:33:53.343,35000,R11169
212012,W_Completeren aanvraag,2012/02/23 15:30:30.629,2012/02/23 15:41:56.690,2012/02/22 23:33:53.343,35000,R11309
212012,A_ACCEPTED,2012/02/23 15:39:32.663,2012/02/23 15:39:32.663,2012/02/22 23:33:53.343,35000,R11309
212012,A_FINALIZED,2012/02/23 15:41:53.404,2012/02/23 15:41:53.404,2012/02/22 23:33:53.343,35000,R11309
212012,O_SELECTED,2012/02/23 15:41:53.404,2012/02/23 15:41:53.404,2012/02/22 23:33:53.343,35000,R11309
212012,O_CREATED,2012/02/23 15:41:54.963,2012/02/23 15:41:54.963,2012/02/22 23:33:53.343,35000,R11309
212012,O_SENT,2012/02/23 15:41:54.987,2012/02/23 15:41:54.987,2012/02/22 23:33:53.343,35000,R11309
212012,O_SENT,2012/02/23 15:41:54.987,2012/02/23 15:41:54.987,2012/02/22 23:33:53.343,35000,R11309
212012,W_Nabellen offertes,2012/02/23 15:42:27.846,2012/02/23 15:44:03.974,2012/02/22 23:33:53.343,35000,R11309
212012,W_Nabellen offertes,2012/02/23 17:07:41.396,2012/02/23 17:07:47.763,2012/02/22 23:33:53.343,35000,R11003
212012,W_Nabellen offertes,2012/03/02 11:57:48.596,2012/03/02 11:58:16.865,2012/02/22 23:33:53.343,35000,R10972
212012,O_SENT_BACK,2012/03/02 11:58:14.236,2012/03/02 11:58:14.236,2012/02/22 23:33:53.343,35000,R10972
212012,O_SENT_BACK,2012/03/02 11:58:14.236,2012/03/02 11:58:14.236,2012/02/22 23:33:53.343,35000,R10972
212012,W_Valideren aanvraag,2012/03/02 11:58:42.414,2012/03/02 12:35:28.527,2012/02/22 23:33:53.343,35000,R10972
212012,W_Valideren aanvraag,2012/03/02 11:58:42.414,2012/03/02 12:35:28.527,2012/02/22 23:33:53.343,35000,R10972
212012,W_Nabellen incomplete dossiers,2012/03/02 14:18:05.446,2012/03/02 14:23:02.964,2012/02/22 23:33:53.343,35000,R10912
212012,W_Nabellen incomplete dossiers,2012/03/02 14:23:54.294,2012/03/02 14:26:26.179,2012/02/22 23:33:53.343,35000,R10912
212012,W_Nabellen incomplete dossiers,2012/03/05 10:22:50.077,2012/03/05 10:24:54.122,2012/02/22 23:33:53.343,35000,R11049
212012,W_Nabellen incomplete dossiers,2012/03/05 10:22:50.077,2012/03/05 10:24:54.122,2012/02/22 23:33:53.343,35000,R11049
207149,A_SUBMITTED,2012/02/07 14:48:32.549,2012/02/07 14:48:32.549,2012/02/07 14:48:32.549,5000,R112
206345,A_SUBMITTED,2012/02/03 18:58:49.482,2012/02/03 18:58:49.482,2012/02/03 18:58:49.482,27472,R112
203122,A_SUBMITTED,2012/01/23 09:09:03.588,2012/01/23 09:09:03.588,2012/01/23 09:09:03.587,35000,R112
203122,A_PARTLYSUBMITTED,2012/01/23 09:09:04.096,2012/01/23 09:09:04.096,2012/01/23 09:09:03.587,35000,R112
203122,A_PREACCEPTED,2012/01/23 09:09:43.222,2012/01/23 09:09:43.222,2012/01/23 09:09:03.587,35000,R112
203122,A_PREACCEPTED,2012/01/23 09:09:43.222,2012/01/23 09:09:43.222,2012/01/23 09:09:03.587,35000,R112
206528,A_SUBMITTED,2012/02/04 21:55:49.226,2012/02/04 21:55:49.226,2012/02/04 21:55:49.226,2500,R112
201993,A_SUBMITTED,2012/01/18 12:39:05.820,2012/01/18 12:39:05.820,2012/01/18 12:39:05.819,5000,R112
201993,A_PARTLYSUBMITTED,2012/01/18 12:39:06.564,2012/01/18 12:39:06.564,2012/01/18 12:39:05.819,5000,R112
